Название светильника,Цена,Ссылка на светильник
"Люстра Ливсден Brown
18 890руб.
19 940руб.
5","18 890руб.
19 940руб.
5",https://www.divan.ru/ekaterinburg/product/lyustra-livsden-brown
"Подвесной светильник Ливсден Brown
4820руб.
5140руб.
6","4820руб.
5140руб.
6",https://www.divan.ru/ekaterinburg/product/podvesnoj-svetilnik-livsden-brown
"Настольная лампа Ливсден Brown
8390руб.
9020руб.
6","8390руб.
9020руб.
6",https://www.divan.ru/ekaterinburg/product/nastolnaya-lampa-livsden-brown
"Торшер Ливсден Brown
12 590руб.
15 740руб.
20","12 590руб.
15 740руб.
20",https://www.divan.ru/ekaterinburg/product/torsher-livsden-brown
"Бра Флиммер Black
1670руб.
1780руб.
6","1670руб.
1780руб.
6",https://www.divan.ru/ekaterinburg/product/bra-flimmer-black
"Люстра Флиммер Black
7340руб.
8390руб.
12","7340руб.
8390руб.
12",https://www.divan.ru/ekaterinburg/product/lyustra-flimmer-black
"Подвесной светильник Флиммер Black
1880руб.
1990руб.
5","1880руб.
1990руб.
5",https://www.divan.ru/ekaterinburg/product/podvesnoj-svetilnik-flimmer-black
"Настольная лампа Флиммер Black
2410руб.
3140руб.
23","2410руб.
3140руб.
23",https://www.divan.ru/ekaterinburg/product/nastolnaya-lampa-flimmer-black
"Торшер Флиммер Black
5240руб.
7340руб.
28","5240руб.
7340руб.
28",https://www.divan.ru/ekaterinburg/product/torsher-flimmer-black
"Настольная лампа Нидлс Raffia Beige
5240руб.
6610руб.
20","5240руб.
6610руб.
20",https://www.divan.ru/ekaterinburg/product/nastolnaya-lampa-nidls-raffia-beige
"Люстра Гейза Black
10 070руб.
10 700руб.
5","10 070руб.
10 700руб.
5",https://www.divan.ru/ekaterinburg/product/lyustra-gejza-black
"Настольная лампа Гейза Black
3140руб.
4190руб.
25","3140руб.
4190руб.
25",https://www.divan.ru/ekaterinburg/product/nastolnaya-lampa-gejza-black
"Настольная лампа Гейза Pink
3140руб.
4190руб.
25","3140руб.
4190руб.
25",https://www.divan.ru/ekaterinburg/product/nastolnaya-lampa-gejza-pink
"Настольная лампа Гейза Blue
3140руб.
4190руб.
25","3140руб.
4190руб.
25",https://www.divan.ru/ekaterinburg/product/nastolnaya-lampa-gejza-blue
"Настольная лампа Гейза Orange
3140руб.
4190руб.
25","3140руб.
4190руб.
25",https://www.divan.ru/ekaterinburg/product/nastolnaya-lampa-gejza-orange
"Настольная лампа Алней Black
4190руб.",4190руб.,https://www.divan.ru/ekaterinburg/product/nastolnaya-lampa-alnej-black
"Настольная лампа Алней Beige
4190руб.",4190руб.,https://www.divan.ru/ekaterinburg/product/nastolnaya-lampa-alnej-beige
"Настольная лампа Алней Green
4190руб.",4190руб.,https://www.divan.ru/ekaterinburg/product/nastolnaya-lampa-alnej-green
"Настольная лампа Алней Orange
4190руб.
5870руб.
28","4190руб.
5870руб.
28",https://www.divan.ru/ekaterinburg/product/nastolnaya-lampa-alnej-orange
"Торшер Алней Green
8390руб.
9440руб.
11","8390руб.
9440руб.
11",https://www.divan.ru/ekaterinburg/product/torsher-alnej-green
"Торшер Алней Black
8390руб.
9440руб.
11","8390руб.
9440руб.
11",https://www.divan.ru/ekaterinburg/product/torsher-alnej-black
"Торшер Алней Orange
8390руб.
9440руб.
11","8390руб.
9440руб.
11",https://www.divan.ru/ekaterinburg/product/torsher-alnej-orange
"Торшер Алней Beige
8390руб.
9440руб.
11","8390руб.
9440руб.
11",https://www.divan.ru/ekaterinburg/product/torsher-alnej-beige
"Настольная лампа Арбет Orange
2090руб.
2510руб.
16","2090руб.
2510руб.
16",https://www.divan.ru/ekaterinburg/product/nastolnaya-lampa-arbet-orange
"Настольная лампа Арбет Silver
3040руб.
3560руб.
14","3040руб.
3560руб.
14",https://www.divan.ru/ekaterinburg/product/nastolnaya-lampa-arbet-silver
"Настольная лампа Арбет Beige
2090руб.
2510руб.
16","2090руб.
2510руб.
16",https://www.divan.ru/ekaterinburg/product/nastolnaya-lampa-arbet-beige
"Настольная лампа Арбет White
2090руб.
2510руб.
16","2090руб.
2510руб.
16",https://www.divan.ru/ekaterinburg/product/nastolnaya-lampa-arbet-white
"Настольная лампа Арбет Black
2090руб.
2510руб.
16","2090руб.
2510руб.
16",https://www.divan.ru/ekaterinburg/product/nastolnaya-lampa-arbet-black
"Настольная лампа Синдри Grey
4190руб.
4610руб.
9","4190руб.
4610руб.
9",https://www.divan.ru/ekaterinburg/product/nastolnaya-lampa-sindri-grey
"Люстра Синдри Black
13 640руб.
14 690руб.
7","13 640руб.
14 690руб.
7",https://www.divan.ru/ekaterinburg/product/lyustra-sindri-black
"Настольная лампа Манэт White
2410руб.
3770руб.
36","2410руб.
3770руб.
36",https://www.divan.ru/ekaterinburg/product/nastolnaya-lampa-manet-white
"Настольная лампа Леррет Beige
4190руб.
5240руб.
20","4190руб.
5240руб.
20",https://www.divan.ru/ekaterinburg/product/nastolnaya-lampa-lerret-beige
"Настольная лампа Леррет White
2090руб.
2720руб.
23","2090руб.
2720руб.
23",https://www.divan.ru/ekaterinburg/product/nastolnaya-lampa-lerret-white
"Настольная лампа Истад Black
1780руб.
2300руб.
22","1780руб.
2300руб.
22",https://www.divan.ru/ekaterinburg/product/nastolnaya-lampa-istad-black
"Настольная лампа Истад White
1780руб.
2300руб.
22","1780руб.
2300руб.
22",https://www.divan.ru/ekaterinburg/product/nastolnaya-lampa-istad-white
"Люстра Боллар White
24 140руб.",24 140руб.,https://www.divan.ru/ekaterinburg/product/lyustra-bollar-white
"Настольная лампа Рибе Black
1670руб.
1990руб.
16","1670руб.
1990руб.
16",https://www.divan.ru/ekaterinburg/product/nastolnaya-lampa-ribe-black
"Настольная лампа Рибе Orange
1990руб.",1990руб.,https://www.divan.ru/ekaterinburg/product/nastolnaya-lampa-ribe-orange
"Настольная лампа Снибальд White
520руб.
830руб.
37","520руб.
830руб.
37",https://www.divan.ru/ekaterinburg/product/nastolnaya-lampa-snibald-white
"Настольная лампа Спайк Pink
1360руб.
1460руб.
6","1360руб.
1460руб.
6",https://www.divan.ru/ekaterinburg/product/nastolnaya-lampa-spajk-pink
"Настольная лампа Спайк White
1360руб.
1460руб.
6","1360руб.
1460руб.
6",https://www.divan.ru/ekaterinburg/product/nastolnaya-lampa-spajk-white
"Настольная лампа Астри Black
1360руб.
1460руб.
6","1360руб.
1460руб.
6",https://www.divan.ru/ekaterinburg/product/nastolnaya-lampa-astri-black
"Настольная лампа Астри Beige
1360руб.
1460руб.
6","1360руб.
1460руб.
6",https://www.divan.ru/ekaterinburg/product/nastolnaya-lampa-astri-beige
"Подвесной светильник Клауд White
10 490руб.
11 540руб.
9","10 490руб.
11 540руб.
9",https://www.divan.ru/ekaterinburg/product/podvesnoj-svetilnik-klaud-white
"Торшер Клауд White
19 210руб.",19 210руб.,https://www.divan.ru/ekaterinburg/product/torsher-klaud-white
"Настольная лампа Клауд White
16 790руб.
17 840руб.
5","16 790руб.
17 840руб.
5",https://www.divan.ru/ekaterinburg/product/nastolnaya-lampa-klaud-white
"Настольная лампа Машрум Olive
4190руб.
4820руб.
13","4190руб.
4820руб.
13",https://www.divan.ru/ekaterinburg/product/nastolnaya-lampa-mashrum-olive
"Настольная лампа Машрум Pink
4190руб.
6290руб.
33","4190руб.
6290руб.
33",https://www.divan.ru/ekaterinburg/product/nastolnaya-lampa-mashrum-pink
